DATE,Housing Starts,Real Median Household Income,Existing Home Sales,Rental Vacancy Rate,New One Family Houses Sold,30-Year Fixed Mortgage Rate,Unemployment Rate,Consumer Price Index,Consumer Confidence Index,Building Permits,Personal Income,Nonfarm Payrolls,10-Year Treasury Yield,S&P 500,Delinquency Rate on All Loans,Median Home Price
2000-01-31,,,,,,,,,,,,,,,,
2000-02-29,,,,,,,,,,,,,,,,
2000-03-31,,,,,,,,,,,,,,,,
2000-04-30,,,,,,,,,,,,,,,,
2000-05-31,,,,,,,,,,,,,,,,
2000-06-30,,,,,,,,,,,,,,,,
2000-07-31,,,,,,,,,,,,,,,,
2000-08-31,,,,,,,,,,,,,,,,
2000-09-30,,,,,,,,,,,,,,,,
2000-10-31,,,,,,,,,,,,,,,,
2000-11-30,,,,,,,,,,,,,,,,
2000-12-31,,,,,,,,,,,,,,,,
2001-01-31,-0.022004889975550168,,,,0.07216494845360821,-0.1333333333333333,0.050000000000000044,0.037212049616065945,-0.15446428571428572,-0.01621308627678053,0.07102299952084334,0.012899877107679592,-0.22305389221556882,,,
2001-02-28,-0.0644789867587795,,,,0.125,-0.1432009626955476,0.024390243902439046,0.03529411764705892,-0.18598382749326148,-0.021276595744680882,0.06742935971839037,0.012705918242831071,-0.23364485981308414,,,
2001-03-31,-0.0644789867587795,,,,0.125,-0.1432009626955476,0.024390243902439046,0.03529411764705892,-0.18598382749326148,-0.021276595744680882,0.06742935971839037,0.012705918242831071,-0.23364485981308414,,,
2001-04-30,0.014145141451414434,,,0.0   37974683544303556,0.08085612366230688,-0.12423124231242322,0.1578947368421053,0.03218256290228205,-0.19047619047619047,0.04320601127113344,0.059023369539662474,0.004337177649886614,-0.14125200642054592,,0.16346153846153832,0.02722323049001818
2001-05-31,0.01904761904761898,,,0.037974683544303556,0.03267211201866971,-0.16473317865429227,0.07499999999999996,0.035630841121495394,-0.16892502258355924,0.0790667530784186,0.054608227514775676,0.002308752062737396,-0.13672496025437209,,0.16346153846153832,0.02722323049001818
2001-06-30,0.01904761904761898,,,0.037974683544303556,0.03267211201866971,-0.16473317865429227,0.07499999999999996,0.035630841121495394,-0.16892502258355924,0.0790667530784186,0.054608227514775676,0.002308752062737396,-0.13672496025437209,,0.16346153846153832,0.02722323049001818
2001-07-31,0.14149008885851,,,0.03750000000000009,-0.007891770011273946,-0.1353013530135302,0.1499999999999999,0.027214823393167498,-0.1468144044321329,0.03631647211413758,0.04031020276274355,-0.00041594821066637255,-0.1605960264900662,,0.19158878504672883,0.09681372549019618
2001-08-31,0.016872160934458202,,,0.03750000000000009,0.021226415094339535,-0.1339173967459324,0.19512195121951237,0.027214823393167498,-0.1472506989748369,0.04059278350515472,0.033194830238056916,-0.0015654422941669965,-0.15357766143106466,,0.19158878504672883,0.09681372549019618
2001-09-30,0.016872160934458202,,,0.03750000000000009,0.021226415094339535,-0.1339173967459324,0.19512195121951237,0.027214823393167498,-0.1472506989748369,0.04059278350515472,0.033194830238056916,-0.0015654422941669965,-0.15357766143106466,,0.19158878504672883,0.09681372549019618
2001-10-31,-0.005810200129115595,,,0.024390243902439046,-0.06645230439442662,-0.13541666666666663,0.35897435897435903,0.02127659574468077,-0.21833648393194705,-0.0069752694990488084,0.02220174929766472,-0.006800048355899424,-0.2547660311958405,,0.23636363636363633,0.021919431279620927
2001-11-30,0.03288201160541582,,,0.024390243902439046,0.050000000000000044,-0.09184993531694707,0.41025641025641035,0.01894374282433997,-0.22026022304832704,0.022924411400247813,0.01988671835094613,-0.010652342836450335,-0.12773722627737227,,0.23636363636363633,0.021919431279620927
2001-12-31,0.023498694516971286,-0.01645175633614937,,0.12820512820512842,-0.004069175991861629,0.004207573632538653,0.4615384615384617,0.01603665521191311,-0.09756097560975618,0.08878807517822418,0.016587516960651305,-0.013065296342621213,-0.009765625,,0.170940170940171,-0.010410641989589409
2002-01-31,0.06125000000000003,-0.01645175633614937,,0.12820512820512842,-0.05982905982905984,-0.02657342657342665,0.3571428571428572,0.011958997722095743,-0.01795142555438234,-0.020011771630370823,0.008354863604335128,-0.013911182450508264,-0.023121387283236983,,0.170940170940171,-0.010410641989589409
2002-02-28,0.1255384615384616,-0.01645175633614937,,0.12820512820512842,-0.015576323987538943,-0.04353932584269671,0.3571428571428572,0.011363636363636465,0.0011037527593820151,0.07910628019323673,0.006250139263352716,-0.015468498185049584,-0.008130081300813052,,0.170940170940171,-0.010410641989589409
2002-03-31,0.1255384615384616,-0.01645175633614937,,0.12820512820512842,-0.015576323987538943,-0.04353932584269671,0.3571428571428572,0.011363636363636465,0.0011037527593820151,0.07910628019323673,0.006250139263352716,-0.015468498185049584,-0.008130081300813052,,0.170940170940171,-0.010410641989589409
2002-04-30,-0.03456640388114007,-0.01645175633614937,,0.10975609756097571,0.02970297029702973,-0.03370786516853941,0.34090909090909083,0.01643990929705219,0.05203619909502266,0.0018007202881151763,0.010101122223578951,-0.01388396059038921,-0.04485981308411202,,0.13636363636363646,0.11130742049469955
2002-05-31,0.09906542056074774,-0.01645175633614937,,0.10975609756097571,0.10508474576271176,-0.061111111111111116,0.34883720930232553,0.012408347433727984,0.05326086956521747,0.03063063063063054,0.01330581172109957,-0.013435439653805226,-0.0644567219152854,,0.13636363636363646,0.11130742049469955
2002-06-30,0.09906542056074774,-0.01645175633614937,,0.10975609756097571,0.10508474576271176,-0.061111111111111116,0.34883720930232553,0.012408347433727984,0.05326086956521747,0.03063063063063054,0.01330581172109957,-0.013435439653805226,-0.0644567219152854,,0.13636363636363646,0.11130742049469955
2002-07-31,-0.008982035928143728,-0.01645175633614937,,0.012048192771084265,0.08636363636363642,-0.0981507823613087,0.26086956521739135,0.01465614430665152,-0.046536796536796654,0.08760951188986232,0.015852062210192308,-0.012014556679503352,-0.1104536489151875,,0.07843137254901977,0.045810055865921795
2002-08-31,-0.008982035928143728,-0.01645175633614937,,0.012048192771084265,0.08636363636363642,-0.0981507823613087,0.26086956521739135,0.01465614430665152,-0.046536796536796654,0.08760951188986232,0.015852062210192308,-0.012014556679503352,-0.1104536489151875,,0.07843137254901977,0.045810055865921795
2002-09-30,0.15492957746478875,-0.01645175633614937,,0.0714285714285714,0.22391559202813593,-0.10863095238095233,0.14000000000000012,0.01516002245929271,0.05256723716381417,0.15207667731629404,0.024712265885262985,-0.009615603536599293,-0.2108695652173913,,-0.011029411764705954,0.03246376811594209
2002-10-31,0.07012987012987004,-0.01645175633614937,,0.0714285714285714,0.1549942594718714,-0.049698795180722954,0.07547169811320753,0.020270270270270174,-0.02539298669891188,0.14878671775223506,0.0269602661533499,-0.006321699175364404,-0.08604651162790689,,-0.011029411764705954,0.03246376811594209
2002-11-30,0.07012987012987004,-0.01645175633614937,,0.0714285714285714,0.1549942594718714,-0.049698795180722954,0.07547169811320753,0.020270270270270174,-0.02539298669891188,0.14878671775223506,0.0269602661533499,-0.006321699175364404,-0.08604651162790689,,-0.011029411764705954,0.03246376811594209
2002-12-31,0.14030612244897966,-0.008137432188065064,,0.05681818181818188,0.0704800817160367,-0.1717877094972068,0.05263157894736836,0.024802705749718212,-0.023648648648648574,0.12857142857142856,0.03310087089992986,-0.0039317779270751085,-0.24457593688362922,,-0.06204379562043805,0.11104617182933962
2003-01-31,0.091283863368669,-0.008137432188065064,,0.05681818181818188,0.13522727272727275,-0.1522988505747126,0.01754385964912264,0.02757456387169399,-0.11397849462365583,0.08588588588588597,0.030447224810328688,-0.0020863105928026204,-0.21104536489151882,,-0.06204379562043805,0.11104617182933962
2003-02-28,-0.10934937124111532,-0.008137432188065064,,0.05681818181818188,-0.012658227848101222,-0.14977973568281933,0.03508771929824572,0.03146067415730336,-0.11907386990077173,0.03749300503637376,0.02926294578106492,-0.002210629379187923,-0.23975409836065575,,-0.06204379562043805,0.11104617182933962
2003-03-31,0.05115712545675999,-0.008137432188065064,,0.03296703296703307,0.08234019501625145,-0.17688022284122562,0.03508771929824572,0.03025210084033625,-0.18913270637408575,0.03903015966883494,0.03127934855867487,-0.003733170134638919,-0.2933579335793358,,-0.0763636363636363,-0.014308426073131986
2003-04-30,0.03203517587939708,-0.008137432188065064,,0.03296703296703307,0.08119658119658113,-0.15843023255813948,0.016949152542372836,0.02175125488008911,-0.07526881720430112,0.08028759736369073,0.02818712293541692,-0.003368653151221923,-0.23874755381604695,,-0.0763636363636363,-0.014308426073131986
2003-05-31,0.03203517587939708,-0.008137432188065064,,0.03296703296703307,0.08119658119658113,-0.15843023255813948,0.016949152542372836,0.02175125488008911,-0.07526881720430112,0.08028759736369073,0.02818712293541692,-0.003368653151221923,-0.23874755381604695,,-0.0763636363636363,-0.014308426073131986
2003-06-30,0.08736167734420497,-0.008137432188065064,,0.1428571428571428,0.24660397074190188,-0.19999999999999996,0.0862068965517242,0.01948775055679297,-0.02922077922077926,0.06655290102389078,0.03169736382681565,-0.0037495600006122176,-0.27160493827160503,,-0.12,0.024572649572649485
2003-07-31,0.1462235649546828,-0.008137432188065064,,0.1428571428571428,0.2217573221757323,-0.06309148264984221,0.06896551724137945,0.020555555555555438,0.03178206583427934,0.08457997698504038,0.03648375648375657,-0.0030707967990197815,-0.0044345898004433115,,-0.12,0.024572649572649485
2003-08-31,0.1462235649546828,-0.008137432188065064,,0.1428571428571428,0.2217573221757323,-0.06309148264984221,0.06896551724137945,0.020555555555555438,0.03178206583427934,0.08457997698504038,0.03648375648375657,-0.0030707967990197815,-0.0044345898004433115,,-0.12,0.024572649572649485
2003-09-30,0.07483370288248348,-0.008137432188065064,,0.10000000000000009,0.08333333333333326,-0.0016694490818029983,0.07017543859649122,0.02378318584070782,0.018583042973286945,0.08763172490293947,0.0419045133792173,-0.0018850863614767732,0.09090909090909083,,-0.17472118959107796,0.07748455923638398
2003-10-31,0.19356796116504849,-0.008137432188065064,,0.10000000000000009,0.1371769383697814,-0.058637083993660744,0.05263157894736836,0.02041942604856528,0.11166253101736978,0.11839911061700947,0.042342029990465324,-0.0013933441024031046,0.10178117048346058,,-0.17472118959107796,0.07748455923638398
2003-11-30,0.19356796116504849,-0.008137432188065064,,0.10000000000000009,0.1371769383697814,-0.058637083993660744,0.05263157894736836,0.02041942604856528,0.11166253101736978,0.11839911061700947,0.042342029990465324,-0.0013933441024031046,0.10178117048346058,,-0.17472118959107796,0.07748455923638398
2003-12-31,0.15044742729306493,0.0006077180188392983,,0.09677419354838701,0.07729007633587792,-0.013490725126475533,-0.04999999999999993,0.020352035203520247,0.06805074971164937,0.04799578059071741,0.04574572311402525,0.0009580819964896126,0.11488250652741505,,-0.16342412451361865,0.04576538663861118
2004-01-31,0.15044742729306493,0.0006077180188392983,,0.09677419354838701,0.07729007633587792,-0.013490725126475533,-0.04999999999999993,0.020352035203520247,0.06805074971164937,0.04799578059071741,0.04574572311402525,0.0009580819964896126,0.11488250652741505,,-0.16342412451361865,0.04576538663861118
2004-02-29,0.15044742729306493,0.0006077180188392983,,0.09677419354838701,0.07729007633587792,-0.013490725126475533,-0.04999999999999993,0.020352035203520247,0.06805074971164937,0.04799578059071741,0.04574572311402525,0.0009580819964896126,0.11488250652741505,,-0.16342412451361865,0.04576538663861118
2004-03-31,0.15758980301274628,0.0006077180188392983,,0.1063829787234043,0.27727727727727736,-0.08629441624365475,-0.016949152542372947,0.017400761283306032,0.23453608247422686,0.17586795674445077,0.05164027512910074,0.006964494133546273,0.007832898172323688,,-0.22834645669291342,0.1435483870967742
2004-04-30,0.21911138161898958,0.0006077180188392983,,0.1063829787234043,0.17193675889328053,0.03799654576856648,-0.06666666666666676,0.022925764192139875,0.09534883720930232,0.1480865224625625,0.054444016929588335,0.009471792035398163,0.1645244215938304,,-0.22834645669291342,0.1435483870967742
2004-05-31,0.13135351227869796,0.0006077180188392983,,0.1063829787234043,0.15120593692022255,0.19020715630885143,-0.08196721311475408,0.028977583378895444,-0.02062975027144398,0.17166212534059944,0.05689157036029924,0.01149804909521035,0.3827893175074184,,-0.22834645669291342,0.1435483870967742
2004-06-30,-0.020889126941617597,0.0006077180188392983,,0.0625,-0.010896898575020963,0.19274809160305328,-0.11111111111111116,0.03167667941015839,0.06577480490523957,0.07733333333333325,0.05638107727940955,0.012266498709598173,0.30508474576271194,,-0.23140495867768585,0.13451511991657972
2004-07-31,-0.020889126941617597,0.0006077180188392983,,0.0625,-0.010896898575020963,0.19274809160305328,-0.11111111111111116,0.03167667941015839,0.06577480490523957,0.07733333333333325,0.05638107727940955,0.012266498709598173,0.30508474576271194,,-0.23140495867768585,0.13451511991657972
2004-08-31,0.1042007637752318,0.0006077180188392983,,0.0625,-0.02570480928689889,-0.07911392405063289,-0.11475409836065564,0.025474254742547275,0.07390817469204936,0.04577822990844349,0.056547993458296864,0.01369926163822588,-0.07191011235955058,,-0.23140495867768585,0.13451511991657972
2004-09-30,-0.01753481175863847,0.0006077180188392983,,0.02020202020202011,0.07338638373121142,-0.0434782608695653,-0.11475409836065564,0.025391680172879516,0.07411630558722915,0.040795512493625674,0.055100443516827635,0.014057365721831472,0.045454545454545414,,-0.21621621621621634,0.11255862428348107
2004-10-31,-0.01753481175863847,0.0006077180188392983,,0.02020202020202011,0.07338638373121142,-0.0434782608695653,-0.11475409836065564,0.025391680172879516,0.07411630558722915,0.040795512493625674,0.055100443516827635,0.014057365721831472,0.045454545454545414,,-0.21621621621621634,0.11255862428348107
2004-11-30,-0.14450312049927994,0.0006077180188392983,,0.02020202020202011,0.07868252516010976,-0.028862478777589073,-0.06896551724137923,0.03621621621621607,-0.009605122732123883,0.08394160583941601,0.04988542763361603,0.015534709768397104,0.004608294930875667,,-0.21621621621621634,0.11255862428348107
2004-12-31,-0.007292173067574126,-0.0015183723048891595,,-0.019607843137254832,0.10008857395925608,-0.006837606837606813,-0.05263157894736836,0.033423180592991875,0.048596112311015016,0.047810770005032754,0.08314458674793057,0.015613274729313842,-0.007025761124121677,,-0.23720930232558146,0.15090543259557343
2005-01-31,0.12192569335426473,-0.0015183723048891595,,-0.019607843137254832,0.032618025751072866,-0.0035211267605632646,-0.07017543859649134,0.028448738593666034,-0.07996146435452789,0.09579918032786883,0.05293984668817697,0.01539390973188759,-0.004807692307692402,,-0.23720930232558146,0.15090543259557343
2005-02-28,0.19555796316359686,-0.0015183723048891595,,-0.019607843137254832,0.1380500431406384,0.01971326164874565,-0.03571428571428559,0.030530262453133394,-0.0031779661016950733,0.07527975584944047,0.05297274049194112,0.016900827078014435,0.09273182957393478,,-0.23720930232558146,0.15090543259557343
2005-03-31,-0.06706706706706711,-0.0015183723048891595,,-0.028846153846153966,0.040752351097178785,0.11851851851851847,-0.10344827586206895,0.032068412613575736,-0.03340292275574119,-0.0019361084220715918,0.0542085209560097,0.015365375670090442,0.1658031088082903,,-0.18367346938775508,0.09308885754583929
2005-04-30,-0.06706706706706711,-0.0015183723048891595,,-0.028846153846153966,0.040752351097178785,0.11851851851851847,-0.10344827586206895,0.032068412613575736,-0.03340292275574119,-0.0019361084220715918,0.0542085209560097,0.015365375670090442,0.1658031088082903,,-0.18367346938775508,0.09308885754583929
2005-05-31,0.02221100454316005,-0.0015183723048891595,,-0.028846153846153966,0.036261079774375427,-0.10601265822784811,-0.0892857142857143,0.02869287991498415,-0.03658536585365846,-0.03023255813953485,0.05166834170854284,0.015141275542359889,-0.14163090128755362,,-0.18367346938775508,0.09308885754583929
2005-06-30,0.1312910284463895,-0.0015183723048891595,,-0.039215686274509665,0.07966101694915251,-0.11519999999999997,-0.1071428571428571,0.02541026998411855,0.004184100418409997,0.07821782178217829,0.051019182251411666,0.016313956400002994,-0.1471861471861472,,-0.15591397849462363,0.07398897058823528
2005-07-31,0.1312910284463895,-0.0015183723048891595,,-0.039215686274509665,0.07966101694915251,-0.11519999999999997,-0.1071428571428571,0.02541026998411855,0.004184100418409997,0.07821782178217829,0.051019182251411666,0.016313956400002994,-0.1471861471861472,,-0.15591397849462363,0.07398897058823528
2005-08-31,0.035079051383399174,-0.0015183723048891595,,-0.039215686274509665,0.06808510638297882,-0.0085910652920963,-0.09259259259259256,0.03646934460887952,-0.07090719499478637,0.07928015564202329,0.05371991030144274,0.019395767644918793,-0.026634382566586012,,-0.15591397849462363,0.07398897058823528
2005-09-30,0.12913385826771662,-0.0015183723048891595,,-0.01980198019801971,0.02471169686985175,0.03321678321678334,-0.07407407407407418,0.04741833508956805,-0.1836518046709129,0.10877021068103865,0.057089164729736463,0.018692791653732943,0.048309178743961345,,-0.10344827586206895,0.10725995316159254
2005-10-31,-0.0033783783783783994,-0.0015183723048891595,,-0.01980198019801971,0.023754789272030674,0.09042553191489366,-0.09090909090909094,0.04350104821802936,-0.19083969465648853,0.03481163567000478,0.05984664297737052,0.016694982444217965,0.1283950617283951,,-0.10344827586206895,0.10725995316159254
2005-11-30,0.2048260381593714,-0.0015183723048891595,,-0.01980198019801971,0.02968617472434265,0.09790209790209792,-0.07407407407407418,0.03338549817423053,-0.12068965517241381,0.06685906685906695,0.06330433072801456,0.018806269762808636,0.029816513761467878,,-0.10344827586206895,0.10725995316159254
2005-12-31,0.2048260381593714,-0.0015183723048891595,,-0.01980198019801971,0.02968617472434265,0.09790209790209792,-0.07407407407407418,0.03338549817423053,-0.12068965517241381,0.06685906685906695,0.06330433072801456,0.018806269762808636,0.029816513761467878,,-0.10344827586206895,0.10725995316159254
2006-01-31,0.060167910447761264,0.015510948905109512,,-0.040000000000000036,-0.024106400665004135,0.08127208480565362,-0.1132075471698113,0.04018789144050117,-0.04502617801047115,0.03412809724170174,0.07725187859861427,0.01992785003652675,0.09420289855072483,,-0.060975609756097504,0.06468531468531458
2006-02-28,-0.03987313094698686,0.015510948905109512,,-0.040000000000000036,-0.19560272934040945,0.10017574692442865,-0.11111111111111116,0.0363825363825363,-0.0786397449521784,0.012771996215704906,0.07973586703881264,0.02028819916862723,0.04357798165137594,,-0.060975609756097504,0.06468531468531458
2006-03-31,0.05633047210300424,0.015510948905109512,,-0.05940594059405935,-0.15963855421686746,0.05132450331125815,-0.09615384615384615,0.03417918177110302,-0.03995680345572339,0.027158098933074637,0.07962001952086895,0.021681661835168287,0.08000000000000007,,-0.05625000000000002,0.06537634408602155
2006-04-30,0.05633047210300424,0.015510948905109512,,-0.05940594059405935,-0.15963855421686746,0.05132450331125815,-0.09615384615384615,0.03417918177110302,-0.03995680345572339,0.027158098933074637,0.07962001952086895,0.021681661835168287,0.08000000000000007,,-0.05625000000000002,0.06537634408602155
2006-05-31,-0.04098765432098761,0.015510948905109512,,-0.05940594059405935,-0.15552099533437014,0.1716814159292035,-0.0980392156862745,0.03977272727272729,-0.08975834292289997,-0.08633093525179858,0.07520952590284868,0.01914920672915099,0.28,,-0.05625000000000002,0.06537634408602155
2006-06-30,-0.12862669245647973,0.015510948905109512,,-0.020408163265306256,-0.1569858712715856,0.22603978300180838,-0.08000000000000007,0.041817243159525175,-0.11562499999999998,-0.14279155188246095,0.07570965898266335,0.017836477799595407,0.30710659898477166,,-0.03821656050955413,0.05391527599486512
2006-07-31,-0.1543330087633885,0.015510948905109512,,-0.020408163265306256,-0.3052555795536357,0.1646447140381282,-0.05999999999999994,0.041046690610569536,-0.122279792746114,-0.19972764412165234,0.07234119129026473,0.016567756539610068,0.1658878504672896,,-0.03821656050955413,0.05391527599486512
2006-08-31,-0.2124105011933174,0.015510948905109512,,-0.020408163265306256,-0.17529880478087645,0.11611785095320637,-0.04081632653061229,0.03926568077511483,-0.07968574635241299,-0.2239747634069401,0.06847715544841604,0.016305438863898347,0.17910447761194037,,-0.03821656050955413,0.05391527599486512
2006-09-30,-0.2124105011933174,0.015510948905109512,,-0.020408163265306256,-0.17529880478087645,0.11611785095320637,-0.04081632653061229,0.03926568077511483,-0.07968574635241299,-0.2239747634069401,0.06847715544841604,0.016305438863898347,0.17910447761194037,,-0.03821656050955413,0.05391527599486512
2006-10-31,-0.2779661016949152,0.015510948905109512,,0.0,-0.2956586826347305,0.04065040650406493,-0.11999999999999988,0.014063284781516971,0.2614555256064688,-0.2764976958525346,0.06041440286794275,0.01636142180235578,0.00875273522975939,,0.012820512820512775,-0.0033840947546531774
2006-11-30,-0.26874708896134136,0.015510948905109512,,0.0,-0.1738056013179572,-0.022292993630573354,-0.09999999999999998,0.01968702675416467,0.12867647058823528,-0.3079350766456267,0.06138469219816178,0.015310997696313278,-0.006681514476614803,,0.012820512820512775,-0.0033840947546531774
2006-12-31,-0.26874708896134136,0.015510948905109512,,0.0,-0.1738056013179572,-0.022292993630573354,-0.09999999999999998,0.01968702675416467,0.12867647058823528,-0.3079350766456267,0.06138469219816178,0.015310997696313278,-0.006681514476614803,,0.012820512820512775,-0.0033840947546531774
2007-01-31,-0.38011438627364713,0.011081162024558333,,0.02083333333333348,-0.24105621805792166,0.0212418300653594,-0.021276595744680993,0.020757651781234232,0.0625,-0.2649186256781193,0.05512474407986523,0.015137529998153987,0.0662251655629138,,0.09740259740259738,0.00738916256157629
2007-02-28,-0.30155733836715437,0.011081162024558333,,0.02083333333333348,-0.21960414703110276,-0.006389776357827448,-0.0625,0.02420260782347028,0.053056516724336644,-0.25361980382998595,0.05688757588312643,0.013438245955264883,0.00219780219780219,,0.09740259740259738,0.00738916256157629
2007-03-31,-0.30155733836715437,0.011081162024558333,,0.02083333333333348,-0.21960414703110276,-0.006389776357827448,-0.0625,0.02420260782347028,0.053056516724336644,-0.25361980382998595,0.05688757588312643,0.013438245955264883,0.00219780219780219,,0.09740259740259738,0.00738916256157629
2007-04-30,-0.1817682591982427,0.011081162024558333,,0.06315789473684208,-0.2101513802315227,-0.06382978723404253,-0.042553191489361764,0.025929247633283525,-0.003432494279176357,-0.2642642642642643,0.05686807070662092,0.011981499155715447,-0.08678500986193305,,0.15231788079470188,0.03916027452563586
2007-05-31,-0.2713697219361483,0.011081162024558333,,0.06315789473684208,-0.22467771639042355,-0.030211480362537846,-0.04347826086956508,0.02709885742672613,0.1163084702907713,-0.21627296587926514,0.058447618455084394,0.012814961063362773,-0.04296875,,0.15231788079470188,0.03916027452563586
2007-06-30,-0.2713697219361483,0.011081162024558333,,0.06315789473684208,-0.22467771639042355,-0.030211480362537846,-0.04347826086956508,0.02709885742672613,0.1163084702907713,-0.21627296587926514,0.058447618455084394,0.012814961063362773,-0.04296875,,0.15231788079470188,0.03916027452563586
2007-07-31,-0.22049510650546922,0.011081162024558333,,-0.01041666666666663,-0.19378238341968912,-0.004464285714285587,0.0,0.023178905864958077,0.06729634002361284,-0.22802041973908116,0.05596134992625057,0.01113373668712736,-0.04208416833667339,,0.23841059602649017,-0.016646366220056885
2007-08-31,-0.19393939393939397,0.011081162024558333,,-0.01041666666666663,-0.32463768115942027,0.0015527950310558758,-0.021276595744680993,0.01897448478900876,0.017073170731707332,-0.23286875725900114,0.05431487291571191,0.009722872527215154,-0.04219409282700426,,0.23841059602649017,-0.016646366220056885
2007-09-30,-0.19393939393939397,0.011081162024558333,,-0.01041666666666663,-0.32463768115942027,0.0015527950310558758,-0.021276595744680993,0.01897448478900876,0.017073170731707332,-0.23286875725900114,0.05431487291571191,0.009722872527215154,-0.04219409282700426,,0.23841059602649017,-0.016646366220056885
2007-10-31,-0.15224681421864517,0.011081162024558333,,-0.010101010101010055,-0.22741764080765148,-0.010937500000000044,0.06818181818181812,0.03610698365527476,-0.13568376068376053,-0.24076433121019103,0.055089421780027736,0.009689511797674744,-0.02819956616052055,,0.35443037974683556,0.026315789473684292
2007-11-30,-0.23757961783439485,0.011081162024558333,,-0.010101010101010055,-0.3609172482552343,-0.006514657980456029,0.04444444444444451,0.04373267326732666,-0.17372421281216066,-0.20260586319218243,0.0543151585898094,0.008922578574138473,-0.10986547085201792,,0.35443037974683556,0.026315789473684292
2007-12-31,-0.3711340206185567,0.016143364928909998,,-0.020408163265306256,-0.37975951903807614,-0.0016181229773462036,0.13636363636363624,0.04108813392417532,-0.17666303162486374,-0.2985347985347986,0.0513566225965687,0.008342380019089157,-0.1422505307855626,,0.4615384615384617,-0.028524857375713086
2008-01-31,-0.23066004258339246,0.016143364928909998,,-0.020408163265306256,-0.2962962962962963,-0.09120000000000006,0.0869565217391306,0.04294695655165981,-0.19091847265221873,-0.32718327183271834,0.04985790454276162,0.0067066739407164455,-0.24016563146997927,,0.4615384615384617,-0.028524857375713086
2008-02-29,-0.25472972972972974,0.016143364928909998,,-0.020408163265306256,-0.283816425120773,0.003215434083601254,0.08888888888888902,0.04142959270611968,-0.22453450164293542,-0.36545682102628285,0.04522677302244715,0.005597720201227174,-0.22587719298245612,,0.4615384615384617,-0.028524857375713086
2008-03-31,-0.3277591973244147,0.016143364928909998,,0.0,-0.3577430972388955,-0.05032467532467544,0.15909090909090895,0.03974903550134434,-0.21380090497737558,-0.3941102756892231,0.04172940599252217,0.0034402171546354943,-0.25806451612903225,,0.6436781609195401,-0.0912975912975913
2008-04-30,-0.3201342281879195,0.016143364928909998,,0.0,-0.39571589627959414,-0.02110389610389607,0.11111111111111116,0.039037609759888126,-0.28128587830080365,-0.3142857142857143,0.03661074645478224,0.0014146631650731045,-0.18574514038876888,,0.6436781609195401,-0.0912975912975913
2008-05-31,-0.3201342281879195,0.016143364928909998,,0.0,-0.39571589627959414,-0.02110389610389607,0.11111111111111116,0.039037609759888126,-0.28128587830080365,-0.3142857142857143,0.03661074645478224,0.0014146631650731045,-0.18574514038876888,,0.6436781609195401,-0.0912975912975913
2008-06-30,-0.27762430939226523,0.016143364928909998,,0.05263157894736836,-0.3858764186633039,-0.032983508245877036,0.21739130434782616,0.04935966105947864,-0.33880422039859315,-0.1613361762615494,0.06134527042886351,-0.0027739150588098616,-0.2067594433399602,,0.7754010695187163,-0.028488852188274127
2008-07-31,-0.3183161004431314,0.016143364928909998,,0.05263157894736836,-0.38688946015424164,-0.025411061285500858,0.23404255319148937,0.054975120783418374,-0.3230088495575222,-0.3232916972814107,0.04676430489222705,-0.00398429463496619,-0.16527196652719667,,0.7754010695187163,-0.028488852188274127
2008-08-31,-0.3183161004431314,0.016143364928909998,,0.05263157894736836,-0.38688946015424164,-0.025411061285500858,0.23404255319148937,0.054975120783418374,-0.3230088495575222,-0.3232916972814107,0.04676430489222705,-0.00398429463496619,-0.16527196652719667,,0.7754010695187163,-0.028488852188274127
2008-09-30,-0.3068469991546915,0.016143364928909998,,0.010204081632652962,-0.3688046647230321,-0.051401869158878566,0.2978723404255319,0.04953319875136075,-0.15707434052757807,-0.3679619349722443,0.03488420439898543,-0.009731866795073207,-0.1612200435729847,,0.7383177570093458,-0.06327543424317617
2008-10-31,-0.38528481012658233,0.016143364928909998,,0.010204081632652962,-0.45942228335625857,0.020537124802527673,0.3829787234042552,0.03731057889956513,-0.2880098887515451,-0.3825503355704698,0.03317893548494211,-0.013613171702551163,-0.10491071428571441,,0.7383177570093458,-0.06327543424317617
2008-11-30,-0.38528481012658233,0.016143364928909998,,0.010204081632652962,-0.45942228335625857,0.020537124802527673,0.3829787234042552,0.03731057889956513,-0.2880098887515451,-0.3825503355704698,0.03317893548494211,-0.013613171702551163,-0.10491071428571441,,0.7383177570093458,-0.06327543424317617
2008-12-31,-0.45998071359691417,-0.03396006413059316,,0.05208333333333326,-0.39095315024232635,-0.17341977309562406,0.45999999999999996,-0.0002222800255385904,-0.20397350993377483,-0.5178416013925152,0.00458026545839596,-0.025636579091881218,-0.443069306930693,,0.9230769230769229,-0.06669463087248317
2009-01-31,-0.45998071359691417,-0.03396006413059316,,0.05208333333333326,-0.39095315024232635,-0.17341977309562406,0.45999999999999996,-0.0002222800255385904,-0.20397350993377483,-0.5178416013925152,0.00458026545839596,-0.025636579091881218,-0.443069306930693,,0.9230769230769229,-0.06669463087248317
2009-02-28,-0.45998071359691417,-0.03396006413059316,,0.05208333333333326,-0.39095315024232635,-0.17341977309562406,0.45999999999999996,-0.0002222800255385904,-0.20397350993377483,-0.5178416013925152,0.00458026545839596,-0.025636579091881218,-0.443069306930693,,0.9230769230769229,-0.06669463087248317
2009-03-31,-0.49751243781094523,-0.03396006413059316,,0.0,-0.36635514018691584,-0.170940170940171,0.7058823529411764,-0.004464787676623838,-0.1755395683453238,-0.4694932781799379,-0.028372595353520658,-0.041676310612197676,-0.21449275362318843,,0.9720279720279721,-0.10902094912355709
2009-04-30,-0.5281342546890424,-0.03396006413059316,,0.0,-0.37126865671641796,-0.2072968490878938,0.8,-0.005763244243767063,0.03993610223642152,-0.4831349206349206,-0.023832360639214567,-0.04500242688554523,-0.1618037135278514,,0.9720279720279721,-0.10902094912355709
2009-05-31,-0.5281342546890424,-0.03396006413059316,,0.0,-0.37126865671641796,-0.2072968490878938,0.8,-0.005763244243767063,0.03993610223642152,-0.4831349206349206,-0.023832360639214567,-0.04500242688554523,-0.1618037135278514,,0.9720279720279721,-0.10902094912355709
2009-06-30,-0.4407265774378585,-0.03396006413059316,,0.06000000000000005,-0.19301848049281312,-0.1596899224806202,0.6964285714285716,-0.012291746182109153,0.25531914893617014,-0.4906779661016949,-0.04881920859331812,-0.048558708393553585,-0.11528822055137855,,0.9186746987951808,-0.061198470038249075
2009-07-31,-0.3564463705308776,-0.03396006413059316,,0.06000000000000005,-0.1383647798742138,-0.19478527607361962,0.6379310344827587,-0.01958761003762277,0.07843137254901955,-0.35396308360477746,-0.04126314443698653,-0.04968289064091003,-0.1177944862155389,,0.9186746987951808,-0.061198470038249075
2009-08-31,-0.3056872037914692,-0.03396006413059316,,0.06000000000000005,-0.039080459770114984,-0.19687500000000013,0.5737704918032787,-0.014838355663267633,0.04285714285714293,-0.28205128205128205,-0.03338161918557858,-0.049041972465363015,-0.1122715404699739,,0.9186746987951808,-0.061198470038249075
2009-09-30,-0.28658536585365857,-0.03396006413059316,,0.1212121212121211,-0.10854503464203236,-0.1724137931034483,0.6065573770491806,-0.01377942862886472,0.045519203413940224,-0.23588456712672523,-0.030847730012052987,-0.04766048303950743,-0.1402597402597403,,0.8655913978494623,-0.05386313465783665
2009-10-31,-0.28658536585365857,-0.03396006413059316,,0.1212121212121211,-0.10854503464203236,-0.1724137931034483,0.6065573770491806,-0.01377942862886472,0.045519203413940224,-0.23588456712672523,-0.030847730012052987,-0.04766048303950743,-0.1402597402597403,,0.8655913978494623,-0.05386313465783665
2009-11-30,-0.09815950920245398,-0.03396006413059316,,0.1212121212121211,-0.03598971722365041,-0.19932998324958118,0.4558823529411766,0.019145871744709275,0.21880650994575057,-0.004792332268370614,-0.020787755003188746,-0.04048072241157985,0.09556313993174048,,0.8655913978494623,-0.05386313465783665
2009-12-31,0.03750000000000009,-0.006487628243814103,,0.05940594059405946,-0.06631299734748008,0.007843137254901933,0.3561643835616439,0.028141231232083674,0.2063227953410982,0.1985559566787003,-0.004109980798300383,-0.03738283103939255,0.7111111111111112,,0.5368421052631578,-0.01573033707865168
2010-01-31,0.03750000000000009,-0.006487628243814103,,0.05940594059405946,-0.06631299734748008,0.007843137254901933,0.3561643835616439,0.028141231232083674,0.2063227953410982,0.1985559566787003,-0.004109980798300383,-0.03738283103939255,0.7111111111111112,,0.5368421052631578,-0.01573033707865168
2010-02-28,0.03750000000000009,-0.006487628243814103,,0.05940594059405946,-0.06631299734748008,0.007843137254901933,0.3561643835616439,0.028141231232083674,0.2063227953410982,0.1985559566787003,-0.004109980798300383,-0.03738283103939255,0.7111111111111112,,0.5368421052631578,-0.01573033707865168
2010-03-31,0.2594059405940594,-0.006487628243814103,,0.04950495049504955,0.12389380530973448,0.02886597938144342,0.13793103448275867,0.022861714393279886,0.28446771378708546,0.3391812865497077,0.030555021604138588,-0.01984240795809622,0.4169741697416973,,0.3120567375886527,0.06957773512476018
2010-04-30,0.4372384937238494,-0.006487628243814103,,0.04950495049504955,0.25222551928783377,0.058577405857740406,0.10000000000000009,0.022067707525304403,0.10906298003072212,0.2226487523992322,0.03600512931536959,-0.012971742840887535,0.16772151898734178,,0.3120567375886527,0.06957773512476018
2010-05-31,0.07962962962962972,-0.006487628243814103,,0.04950495049504955,-0.25531914893617025,-0.02647657841140527,0.02127659574468077,0.020035489292185682,0.07132459970887917,0.03417266187050361,0.02989424940063712,-0.0062751958621738435,-0.04610951008645536,,0.3120567375886527,0.06957773512476018
2010-06-30,-0.0837606837606838,-0.006487628243814103,,0.0,-0.22391857506361323,-0.1346863468634686,-0.010526315789473606,0.011215605940686268,0.07344632768361592,-0.02329450915141429,0.04216592349018944,-0.0038319733135881995,-0.1586402266288951,,0.13186813186813184,-0.006337709370755951
2010-07-31,-0.0837606837606838,-0.006487628243814103,,0.0,-0.22391857506361323,-0.1346863468634686,-0.010526315789473606,0.011215605940686268,0.07344632768361592,-0.02329450915141429,0.04216592349018944,-0.0038319733135881995,-0.1586402266288951,,0.13186813186813184,-0.006337709370755951
2010-08-31,0.022184300341296925,-0.006487628243814103,,0.0,-0.3253588516746412,-0.15175097276264582,-0.01041666666666663,0.011501775395112546,0.0487062404870624,-0.058441558441558406,0.05342513653922998,-0.0004368485591661475,-0.2735294117647058,,0.13186813186813184,-0.006337709370755951
2010-09-30,0.01538461538461533,-0.006487628243814103,,-0.072072072072072,-0.1787564766839378,-0.1428571428571428,-0.030612244897959218,0.011183122472331775,-0.07210884353741498,-0.07553366174055831,0.050766513833729876,0.0007601292987615693,-0.2356495468277946,,-0.007204610951008772,0.045730284647690134
2010-10-31,0.01538461538461533,-0.006487628243814103,,-0.072072072072072,-0.1787564766839378,-0.1428571428571428,-0.030612244897959218,0.011183122472331775,-0.07210884353741498,-0.07553366174055831,0.050766513833729876,0.0007601292987615693,-0.2356495468277946,,-0.007204610951008772,0.045730284647690134
2010-11-30,-0.0731292517006803,-0.006487628243814103,,-0.072072072072072,-0.2346666666666667,-0.07949790794979072,-0.010101010101010055,0.01084544776600338,0.062314540059347,-0.101123595505618,0.052425471573670945,0.005343728615474497,-0.12461059190031154,,-0.007204610951008772,0.045730284647690134
2010-12-31,-0.07228915662650603,-0.023538344722854987,,-0.12149532710280364,-0.07386363636363635,-0.05447470817120614,-0.06060606060606055,0.01437793022217937,0.02758620689655178,-0.048192771084337394,0.05619369554158937,0.00792715338926242,-0.1428571428571429,,-0.126027397260274,0.024200913242009126
2011-01-31,0.026058631921824116,-0.023538344722854987,,-0.12149532710280364,-0.11014492753623184,-0.03614457831325313,-0.07142857142857151,0.017007834915029774,-0.0026881720430107503,-0.09433962264150941,0.06627159125182391,0.0080434531376401,-0.05785123966942152,,-0.126027397260274,0.024200913242009126
2011-02-28,-0.14403973509933776,-0.023538344722854987,,-0.12149532710280364,-0.1964285714285714,-0.01980198019801971,-0.08163265306122458,0.02124898173333145,0.052989130434782705,-0.1661538461538462,0.07238579673285739,0.010423894774174602,-0.05263157894736836,,-0.126027397260274,0.024200913242009126
2011-03-31,-0.05660377358490565,-0.023538344722854987,,-0.08490566037735847,-0.21259842519685035,-0.02605210420841686,-0.09090909090909094,0.02619241510354109,-0.08288043478260865,-0.15138282387190682,0.06871355699908377,0.01088052978092624,-0.09635416666666663,,-0.16216216216216217,0.01794526693584575
2011-04-30,-0.05660377358490565,-0.023538344722854987,,-0.08490566037735847,-0.21259842519685035,-0.02605210420841686,-0.09090909090909094,0.02619241510354109,-0.08288043478260865,-0.15138282387190682,0.06871355699908377,0.01088052978092624,-0.09635416666666663,,-0.16216216216216217,0.01794526693584575
2011-05-31,-0.037735849056603765,-0.023538344722854987,,-0.08490566037735847,0.08928571428571419,-0.03765690376569053,-0.0625,0.034589718808965,0.009510869565217517,0.07478260869565223,0.055438188094421914,0.00810593593325426,-0.07854984894259831,,-0.16216216216216217,0.01794526693584575
2011-06-30,0.13432835820895517,-0.023538344722854987,,-0.1320754716981133,-0.013114754098360604,-0.03837953091684443,-0.03191489361702138,0.03502318150636041,-0.05921052631578949,0.08347529812606469,0.05935923892691242,0.010996084321192923,0.07070707070707072,,-0.173370319001387,0.039179954441913356
2011-07-31,0.13432835820895517,-0.023538344722854987,,-0.1320754716981133,-0.013114754098360604,-0.03837953091684443,-0.03191489361702138,0.03502318150636041,-0.05921052631578949,0.08347529812606469,0.05935923892691242,0.010996084321192923,0.07070707070707072,,-0.173370319001387,0.039179954441913356
2011-08-31,-0.023372287145242088,-0.023538344722854987,,-0.1320754716981133,0.06028368794326244,-0.03211009174311941,-0.052631578947368474,0.0375499603070808,-0.1901306240928884,0.11551724137931041,0.05906946233669741,0.013034510784140751,-0.09716599190283404,,-0.173370319001387,0.039179954441913356
2011-09-30,0.09427609427609429,-0.023538344722854987,,-0.04854368932038833,-0.04100946372239744,-0.07175925925925941,-0.052631578947368474,0.03812621692818685,-0.12756598240469208,0.08348134991119016,0.05745103918443362,0.015390517109099333,-0.24110671936758887,,-0.17271407837445563,-0.0026773761713521083
2011-10-31,0.12338858195211788,-0.023538344722854987,,-0.04854368932038833,0.08591065292096212,-0.030732860520094718,-0.06382978723404253,0.035222681306640524,-0.10192023633678005,0.20250896057347667,0.05366405734226154,0.014829275761751637,-0.1749049429657794,,-0.17271407837445563,-0.0026773761713521083
2011-11-30,0.30458715596330266,-0.023538344722854987,,-0.04854368932038833,0.1428571428571428,-0.09545454545454557,-0.12244897959183687,0.03451432214581729,-0.11033519553072613,0.2607142857142857,0.0512475030355255,0.014890557841442664,-0.25978647686832734,,-0.17271407837445563,-0.0026773761713521083
2011-12-31,0.30458715596330266,-0.023538344722854987,,-0.04854368932038833,0.1428571428571428,-0.09545454545454557,-0.12244897959183687,0.03451432214581729,-0.11033519553072613,0.2607142857142857,0.0512475030355255,0.014890557841442664,-0.25978647686832734,,-0.17271407837445563,-0.0026773761713521083
2012-01-31,0.14761904761904754,-0.014774494556765161,,0.0,0.0912052117263844,-0.17083333333333328,-0.08791208791208782,0.030087663379855023,0.010781671159029615,0.23611111111111116,0.04211548311634705,0.018373726488279507,-0.4649122807017544,,-0.14420062695924762,-0.014266607222469863
2012-02-29,0.36170212765957444,-0.014774494556765161,,0.0,0.3555555555555556,-0.202020202020202,-0.07777777777777772,0.028981784423473878,-0.0283870967741936,0.36162361623616235,0.04374562923773917,0.01882430143299718,-0.42105263157894735,,-0.14420062695924762,-0.014266607222469863
2012-03-31,0.36170212765957444,-0.014774494556765161,,0.0,0.3555555555555556,-0.202020202020202,-0.07777777777777772,0.028981784423473878,-0.0283870967741936,0.36162361623616235,0.04374562923773917,0.01882430143299718,-0.42105263157894735,,-0.14420062695924762,-0.014266607222469863
2012-04-30,0.3592057761732852,-0.014774494556765161,,-0.09278350515463907,0.14193548387096766,-0.18828451882845199,-0.098901098901099,0.022731633741348567,0.09455587392550147,0.2598967297762478,0.049595846451925496,0.016899182395671897,-0.4126506024096386,,-0.15000000000000013,0.05068312031732036
2012-05-31,0.26203208556149726,-0.014774494556765161,,-0.09278350515463907,0.21311475409836067,-0.1847826086956521,-0.08888888888888902,0.01737942937466075,0.06729475100942128,0.28802588996763756,0.04616628018520896,0.016939500698536003,-0.47868852459016387,,-0.15000000000000013,0.05068312031732036
2012-06-30,0.26203208556149726,-0.014774494556765161,,-0.09278350515463907,0.21311475409836067,-0.1847826086956521,-0.08888888888888902,0.01737942937466075,0.06729475100942128,0.28802588996763756,0.04616628018520896,0.016939500698536003,-0.47868852459016387,,-0.15000000000000013,0.05068312031732036
2012-07-31,0.187800963081862,-0.014774494556765161,,-0.06521739130434778,0.2466216216216217,-0.23296703296703292,-0.08888888888888902,0.014175114798464783,0.13500784929356358,0.36714975845410636,0.028192706230655284,0.016372204376022825,-0.46453900709219853,,-0.13926174496644295,0.046470846120122644
2012-08-31,0.288888888888889,-0.014774494556765161,,-0.06521739130434778,0.254180602006689,-0.14928909952606628,-0.10000000000000009,0.016859349154821235,0.3315412186379929,0.2982998454404946,0.027476996783654117,0.016696563051096236,-0.2959641255605381,,-0.13926174496644295,0.046470846120122644
2012-09-30,0.288888888888889,-0.014774494556765161,,-0.06521739130434778,0.254180602006689,-0.14928909952606628,-0.10000000000000009,0.016859349154821235,0.3315412186379929,0.2982998454404946,0.027476996783654117,0.016696563051096236,-0.2959641255605381,,-0.13926174496644295,0.046470846120122644
2012-10-31,0.5,-0.014774494556765161,,-0.12244897959183687,0.13291139240506333,-0.1682926829268292,-0.11363636363636376,0.021556780595369363,0.35855263157894735,0.3219076005961252,0.047947249075068754,0.01595540031835352,-0.2073732718894009,,-0.11578947368421055,0.11319910514541398
2012-11-30,0.1715893108298172,-0.014774494556765161,,-0.12244897959183687,0.19512195121951215,-0.16582914572864327,-0.10465116279069764,0.017960197033926262,0.2982731554160125,0.2988668555240792,0.06043354173342186,0.01605112244821072,-0.22115384615384615,,-0.11578947368421055,0.11319910514541398
2012-12-31,0.40634005763688763,0.0,,-0.07446808510638314,0.1700879765395895,-0.15189873417721522,-0.07058823529411762,0.017595049796895523,0.0429184549356223,0.3500717360114778,0.07620544841278631,0.016342869181803055,-0.05820105820105814,,-0.14835164835164827,0.13839891451831754
2013-01-31,0.22821576763485485,0.0,,-0.07446808510638314,0.33134328358208953,-0.11306532663316582,-0.03614457831325313,0.01684061762098299,-0.016000000000000014,0.3202247191011236,0.01825170926376951,0.015160271083659138,0.10382513661202175,,-0.14835164835164827,0.13839891451831754
2013-02-28,0.3664772727272727,0.0,,-0.07446808510638314,0.22131147540983598,-0.11139240506329118,-0.07228915662650603,0.020181404902574807,0.030544488711819362,0.3279132791327912,0.012446198775043493,0.015181132555927457,-0.045454545454545525,,-0.14835164835164827,0.13839891451831754
2013-03-31,0.3664772727272727,0.0,,-0.07446808510638314,0.22131147540983598,-0.11139240506329118,-0.07228915662650603,0.020181404902574807,0.030544488711819362,0.3279132791327912,0.012446198775043493,0.015181132555927457,-0.045454545454545525,,-0.14835164835164827,0.13839891451831754
2013-04-30,0.10889774236387773,0.0,,-0.022727272727272818,0.2457627118644068,-0.12371134020618557,-0.07317073170731703,0.01138808047576867,0.0,0.3825136612021858,0.007701127046963796,0.015303225035119716,-0.1282051282051282,,-0.1631878557874762,0.08389261744966436
2013-05-31,0.31355932203389836,0.0,,-0.022727272727272818,0.1567567567567567,0.016000000000000014,-0.08536585365853655,0.013903888279197085,0.06557377049180335,0.26005025125628145,0.014598961755341033,0.0160898943517378,0.35849056603773577,,-0.1631878557874762,0.08389261744966436
2013-06-30,0.31355932203389836,0.0,,-0.022727272727272818,0.1567567567567567,0.016000000000000014,-0.08536585365853655,0.013903888279197085,0.06557377049180335,0.26005025125628145,0.014598961755341033,0.0160898943517378,0.35849056603773577,,-0.1631878557874762,0.08389261744966436
2013-07-31,0.18918918918918926,0.0,,-0.04651162790697683,0.016260162601626105,0.23495702005730634,-0.1097560975609756,0.01885471805415806,0.1770401106500692,0.17432273262661946,0.023202379134582563,0.01668244467138269,0.7218543046357617,,-0.19298245614035092,0.12316715542521983
2013-08-31,0.18918918918918926,0.0,,-0.04651162790697683,0.016260162601626105,0.23495702005730634,-0.1097560975609756,0.01885471805415806,0.1770401106500692,0.17432273262661946,0.023202379134582563,0.01668244467138269,0.7218543046357617,,-0.19298245614035092,0.12316715542521983
2013-09-30,0.0035419126328217754,0.0,,-0.0348837209302324,0.04675324675324677,0.2705882352941178,-0.07692307692307687,0.010947341081747997,-0.010217113665389466,0.0795698924731183,0.01923228954801237,0.017150886166289903,0.6000000000000001,,-0.25,0.06430868167202575
2013-10-31,0.010928961748633892,0.0,,-0.0348837209302324,0.24022346368715075,0.2023460410557183,-0.07692307692307687,0.00876799143491147,-0.11380145278450349,0.17700112739571594,0.007338496142129003,0.01757603659261009,0.4941860465116279,,-0.25,0.06430868167202575
2013-11-30,0.010928961748633892,0.0,,-0.0348837209302324,0.24022346368715075,0.2023460410557183,-0.07692307692307687,0.00876799143491147,-0.11380145278450349,0.17700112739571594,0.007338496142129003,0.01757603659261009,0.4941860465116279,,-0.25,0.06430868167202575
2013-12-31,0.026639344262294973,0.037726913970007825,,-0.05747126436781613,0.08521303258145374,0.33731343283582094,-0.15189873417721522,0.015128383667573297,0.13168724279835375,0.0680127523910734,-0.021596005870492485,0.016975879888061263,0.7078651685393258,,-0.24301075268817207,0.08700834326579265
2014-01-31,0.0,0.037726913970007825,,-0.05747126436781613,-0.006726457399103158,0.22379603399433434,-0.17500000000000004,0.01557758795574915,0.10027100271002709,0.038297872340425476,0.03521512348347322,0.016915194842639814,0.32178217821782185,,-0.24301075268817207,0.08700834326579265
2014-02-28,-0.018711018711018657,0.037726913970007825,,-0.05747126436781613,-0.06040268456375841,0.24501424501424518,-0.1298701298701299,0.011204746347724948,0.05154639175257736,0.060204081632653006,0.03987915407854992,0.015950069348127593,0.40740740740740766,,-0.24301075268817207,0.08700834326579265
2014-03-31,-0.03960396039603964,0.037726913970007825,,-0.0348837209302324,-0.08783783783783783,0.23249299719887961,-0.10666666666666669,0.016126949139408042,0.01781170483460559,0.1399572649572649,0.04470220065746977,0.016928292431277248,0.4598930481283421,,-0.24943310657596374,0.06501547987616108
2014-04-30,0.24910179640718555,0.037726913970007825,,-0.0348837209302324,-0.08616780045351469,0.273529411764706,-0.18421052631578938,0.02015125303606169,0.10078534031413589,0.07707509881422925,0.04648333798452953,0.01782507580440984,0.5705882352941176,,-0.24943310657596374,0.06501547987616108
2014-05-31,0.24910179640718555,0.037726913970007825,,-0.0348837209302324,-0.08616780045351469,0.273529411764706,-0.18421052631578938,0.02015125303606169,0.10078534031413589,0.07707509881422925,0.04648333798452953,0.01782507580440984,0.5705882352941176,,-0.24943310657596374,0.06501547987616108
2014-06-30,0.08581644815256251,0.037726913970007825,,-0.08536585365853655,-0.11063829787234047,-0.07174887892376691,-0.18666666666666676,0.020589816945944195,-0.019024970273483932,0.0721868365180467,0.04801226932880809,0.018815724779663645,0.003968253968253954,,-0.2560386473429951,0.07422603506154424
2014-07-31,0.23295454545454541,0.037726913970007825,,-0.08536585365853655,0.07200000000000006,-0.044083526682134444,-0.15068493150684925,0.019742378703305974,-0.03877790834312567,0.07923771313941819,0.05323337123365546,0.0196860496660336,-0.007692307692307665,,-0.2560386473429951,0.07422603506154424
2014-08-31,0.23295454545454541,0.037726913970007825,,-0.08536585365853655,0.07200000000000006,-0.044083526682134444,-0.15068493150684925,0.019742378703305974,-0.03877790834312567,0.07923771313941819,0.05323337123365546,0.0196860496660336,-0.007692307692307665,,-0.2560386473429951,0.07422603506154424
2014-09-30,0.20352941176470596,0.037726913970007825,,-0.10843373493975905,0.1662531017369726,-0.02777777777777779,-0.18055555555555558,0.016840509711232077,0.0916129032258064,0.07270916334661348,0.05426006755184498,0.020063002945497344,-0.045454545454545525,,-0.2328042328042328,0.061178247734138935
2014-10-31,0.161081081081081,0.037726913970007825,,-0.10843373493975905,0.072072072072072,-0.029268292682926744,-0.20833333333333337,0.016095417021513292,0.18715846994535523,0.04789272030651337,0.06150237063940156,0.020176738008887973,-0.08560311284046684,,-0.2328042328042328,0.061178247734138935
2014-11-30,0.161081081081081,0.037726913970007825,,-0.10843373493975905,0.072072072072072,-0.029268292682926744,-0.20833333333333337,0.016095417021513292,0.18715846994535523,0.04789272030651337,0.06150237063940156,0.020176738008887973,-0.08560311284046684,,-0.2328042328042328,0.061178247734138935
2014-12-31,0.07085828343313372,-0.012777608761788906,,-0.14634146341463405,0.14780600461893756,-0.1361607142857143,-0.16417910447761197,0.006531213919623191,0.13454545454545452,0.06666666666666665,0.06339326393999922,0.021832026614834632,-0.2861842105263158,,-0.23295454545454541,0.09247076023391809
2015-01-31,0.07085828343313372,-0.012777608761788906,,-0.14634146341463405,0.14780600461893756,-0.1361607142857143,-0.16417910447761197,0.006531213919623191,0.13454545454545452,0.06666666666666665,0.06339326393999922,0.021832026614834632,-0.2861842105263158,,-0.23295454545454541,0.09247076023391809
2015-02-28,0.07085828343313372,-0.012777608761788906,,-0.14634146341463405,0.14780600461893756,-0.1361607142857143,-0.16417910447761197,0.006531213919623191,0.13454545454545452,0.06666666666666665,0.06339326393999922,0.021832026614834632,-0.2861842105263158,,-0.23295454545454541,0.09247076023391809
2015-03-31,-0.010309278350515427,-0.012777608761788906,,-0.14457831325301218,0.18518518518518512,-0.1613636363636365,-0.19402985074626866,-0.00022031284423873476,0.1625000000000001,0.004686035613870709,0.05216076949501902,0.021291860827469256,-0.28937728937728935,,-0.2477341389728096,0.05087209302325579
2015-04-30,0.14093959731543615,-0.012777608761788906,,-0.14457831325301218,0.2456575682382134,-0.15011547344110854,-0.12903225806451613,-0.0010403098939391064,0.14030915576694425,0.06972477064220173,0.05121542616841612,0.020998134463260598,-0.23220973782771537,,-0.2477341389728096,0.05087209302325579
2015-05-31,0.14093959731543615,-0.012777608761788906,,-0.14457831325301218,0.2456575682382134,-0.15011547344110854,-0.12903225806451613,-0.0010403098939391064,0.14030915576694425,0.06972477064220173,0.05121542616841612,0.020998134463260598,-0.23220973782771537,,-0.2477341389728096,0.05087209302325579
2015-06-30,0.32272228320526897,-0.012777608761788906,,-0.09333333333333338,0.14832535885167464,-0.02898550724637683,-0.13114754098360648,0.001795718097550525,0.1648484848484848,0.36534653465346545,0.04870563207566336,0.020614695353410317,-0.07114624505928846,,-0.22402597402597402,0.0038194444444443754
2015-07-31,0.05622119815668203,-0.012777608761788906,,-0.09333333333333338,0.2587064676616915,-0.03398058252427183,-0.16129032258064513,0.0022568611104094582,0.13814180929095343,0.059479553903345694,0.047061284250156765,0.020945382380856525,-0.14728682170542629,0.08969425121848906,-0.22402597402597402,0.0038194444444443754
2015-08-31,0.14837398373983746,-0.012777608761788906,,-0.09333333333333338,0.13596491228070184,-0.06341463414634141,-0.16393442622950816,0.002413037985344868,0.11393939393939401,0.11270296084049658,0.04406413234681961,0.020630919810135318,-0.05957446808510647,-0.015568766628231367,-0.22402597402597402,0.0038194444444443754
2015-09-30,0.19648093841642233,-0.012777608761788906,,-0.013513513513513598,-0.029787234042553234,-0.080952380952381,-0.15254237288135597,8.842961634170088e-05,0.030732860520094718,0.062209842154131945,0.041421424367274806,0.01935312831389191,-0.18253968253968256,-0.026497117563847095,-0.21379310344827596,0.05266903914590748
2015-10-31,0.19648093841642233,-0.012777608761788906,,-0.013513513513513598,-0.029787234042553234,-0.080952380952381,-0.15254237288135597,8.842961634170088e-05,0.030732860520094718,0.062209842154131945,0.041421424367274806,0.01935312831389191,-0.18253968253968256,-0.026497117563847095,-0.21379310344827596,0.05266903914590748
2015-11-30,0.17082917082917093,-0.012777608761788906,,-0.013513513513513598,0.14027149321266963,-0.005037783375314908,-0.12068965517241381,0.004363182169185187,0.028153153153153143,0.17469310670443816,0.0345435272293626,0.019430643595454322,0.013761467889908063,0.006215055427653882,-0.21379310344827596,0.05266903914590748
2015-12-31,0.06803355079217144,0.05408320493066254,,0.0,0.09859154929577474,0.036175710594315236,-0.1071428571428571,0.006387247515364791,-0.010683760683760646,0.1296641791044777,0.03279304457876586,0.019356539332886946,0.04608294930875578,-0.00726601583369757,-0.188888888888889,0.012044161927065922
2016-01-31,0.06803355079217144,0.05408320493066254,,0.0,0.09859154929577474,0.036175710594315236,-0.1071428571428571,0.006387247515364791,-0.010683760683760646,0.1296641791044777,0.03279304457876586,0.019356539332886946,0.04608294930875578,-0.00726601583369757,-0.188888888888889,0.012044161927065922
2016-02-29,0.3826185101580135,0.05408320493066254,,0.0,-0.042592592592592626,-0.047368421052631504,-0.10909090909090902,0.008472775790126619,-0.038784067085953944,0.03992901508429458,0.02498481711975864,0.018319830151032113,-0.13,-0.08185792349726773,-0.188888888888889,0.012044161927065922
2016-03-31,0.1572916666666666,0.05408320493066254,,-0.014084507042253502,0.10833333333333339,0.005420054200542035,-0.07407407407407418,0.008916160965521946,-0.021505376344086002,0.042910447761194126,0.027255749565762377,0.019450062089763964,-0.08247422680412364,-0.003941215441827239,-0.12851405622489975,0.03665283540802222
2016-04-30,0.1572916666666666,0.05408320493066254,,-0.014084507042253502,0.10833333333333339,0.005420054200542035,-0.07407407407407418,0.008916160965521946,-0.021505376344086002,0.042910447761194126,0.027255749565762377,0.019450062089763964,-0.08247422680412364,-0.003941215441827239,-0.12851405622489975,0.03665283540802222
2016-05-31,0.06394810009267848,0.05408320493066254,,-0.014084507042253502,0.13745019920318735,-0.05943152454780365,-0.1428571428571428,0.010784764621246223,0.044101433296582115,-0.05267295597484278,0.02166071995182195,0.016687979991380386,-0.13207547169811318,-0.004949250020166995,-0.12851405622489975,0.03665283540802222
2016-06-30,-0.0016597510373443924,0.05408320493066254,,-0.014705882352941124,0.16041666666666665,-0.13432835820895517,-0.07547169811320742,0.010792865347959424,-0.027055150884495283,-0.12400290065264685,0.02212029200852772,0.01734006139948474,-0.3659574468085106,0.017328208384429278,-0.10460251046025104,0.05845728121757188
2016-07-31,-0.0016597510373443924,0.05408320493066254,,-0.014705882352941124,0.16041666666666665,-0.13432835820895517,-0.07547169811320742,0.010792865347959424,-0.027055150884495283,-0.12400290065264685,0.02212029200852772,0.01734006139948474,-0.3659574468085106,0.017328208384429278,-0.10460251046025104,0.05845728121757188
2016-08-31,0.036283185840708,0.05408320493066254,,-0.014705882352941124,0.11003861003860993,-0.10677083333333326,-0.039215686274509665,0.010553158595656864,-0.022850924918389692,0.03090128755364807,0.024487958586540515,0.017828748328994504,-0.2850678733031674,0.10078694642476838,-0.10460251046025104,0.05845728121757188
2016-09-30,-0.12745098039215685,0.05408320493066254,,-0.06849315068493156,0.2236842105263157,-0.11398963730569944,0.0,0.015486446201652182,0.04587155963302747,0.13898601398601396,0.02752641212549367,0.01895055002987389,-0.22330097087378642,0.12928964651593988,-0.09210526315789469,0.02704530087897239
2016-10-31,0.24102079395085063,0.05408320493066254,,-0.06849315068493156,0.1929460580912863,-0.07712765957446799,-0.019999999999999907,0.01685924966243646,-0.03111111111111109,0.08103448275862069,0.028921066119938388,0.017428322953487063,-0.14814814814814814,0.02250211603570329,-0.09210526315789469,0.02704530087897239
2016-11-30,-0.027303754266211566,0.05408320493066254,,-0.06849315068493156,0.1329365079365079,0.020253164556962133,-0.07843137254901955,0.016843334719788938,0.027382256297918905,-0.0112540192926045,0.031520165989984195,0.016651494993347837,0.07239819004524883,0.05691185872015625,-0.09210526315789469,0.02704530087897239
2016-12-31,-0.027303754266211566,0.05408320493066254,,-0.06849315068493156,0.1329365079365079,0.020253164556962133,-0.07843137254901955,0.016843334719788938,0.027382256297918905,-0.0112540192926045,0.031520165989984195,0.016651494993347837,0.07239819004524883,0.05691185872015625,-0.09210526315789469,0.02704530087897239
2017-01-31,0.08974358974358965,0.035521122642888425,,-0.014285714285714235,0.13465346534653455,0.10554089709762549,-0.02083333333333326,0.025103933482571117,0.07065217391304346,0.11272416737830904,0.038087349877353294,0.017039582111232132,0.2628865979381445,0.17452995505710622,-0.07305936073059371,0.02776859504132223
2017-02-28,0.03755102040816327,0.035521122642888425,,-0.014285714285714235,0.1353965183752417,0.149171270718232,-0.061224489795918546,0.028103616813294208,0.05016357688113415,0.05290102389078499,0.04253340044215381,0.01699311768274403,0.35632183908045967,0.22327052162527217,-0.07305936073059371,0.02776859504132223
2017-03-31,0.07110711071107101,0.035521122642888425,,0.0,0.18796992481203012,0.11590296495956864,-0.11999999999999988,0.0244119623655914,0.06483516483516483,0.13774597495527718,0.04344758320831943,0.01607896092325256,0.348314606741573,0.1470962354471923,-0.11059907834101379,0.044362908605737106
2017-04-30,0.07110711071107101,0.035521122642888425,,0.0,0.18796992481203012,0.11590296495956864,-0.11999999999999988,0.0244119623655914,0.06483516483516483,0.13774597495527718,0.04344758320831943,0.01607896092325256,0.348314606741573,0.1470962354471923,-0.11059907834101379,0.044362908605737106
2017-05-31,0.007839721254355503,0.035521122642888425,,0.0,0.11208406304728546,0.08516483516483508,-0.08333333333333326,0.018563431667619756,0.025343189017951406,0.0024896265560165887,0.05045255178358654,0.01728966442206792,0.20108695652173902,0.15014115672211203,-0.11059907834101379,0.044362908605737106
2017-06-30,0.038237738985868575,0.035521122642888425,,0.08955223880597019,0.11131059245960495,0.11494252873563227,-0.12244897959183687,0.01640565809959127,0.016042780748663166,0.12003311258278138,0.049464649146093276,0.016898829013818784,0.5503355704697988,0.15463156189550498,-0.13551401869158874,0.039869281045751714
2017-07-31,-0.0266343825665859,0.035521122642888425,,0.08955223880597019,-0.08917197452229297,0.12643678160919536,-0.10416666666666663,0.017251073506566073,0.03777777777777791,0.048414023372287174,0.04873045338703097,0.015617755942289646,0.5753424657534245,0.13650165623849841,-0.13551401869158874,0.039869281045751714
2017-08-31,-0.010247651579846306,0.035521122642888425,,0.08955223880597019,-0.03304347826086962,0.11370262390670538,-0.10204081632653061,0.0192812155729698,0.07795100222717144,0.09825145711906735,0.050366260129430795,0.015504894099430455,0.3417721518987342,0.13851079020705237,-0.13551401869158874,0.039869281045751714
2017-09-30,-0.010247651579846306,0.035521122642888425,,0.08955223880597019,-0.03304347826086962,0.11370262390670538,-0.10204081632653061,0.0192812155729698,0.07795100222717144,0.09825145711906735,0.050366260129430795,0.015504894099430455,0.3417721518987342,0.13851079020705237,-0.13551401869158874,0.039869281045751714
2017-10-31,-0.04265041888804266,0.035521122642888425,,0.10294117647058831,0.08869565217391306,0.13544668587896247,-0.1428571428571429,0.02020757753132485,0.15481651376146788,0.08133971291866038,0.05426105583023033,0.014317324859205005,0.2934782608695652,0.21123156879806237,-0.1159420289855071,0.05497037524687287
2017-11-30,0.1166666666666667,0.035521122642888425,,0.10294117647058831,0.24518388791593693,-0.032258064516129115,-0.1063829787234043,0.02172493864295566,0.05010660980810244,0.056097560975609806,0.05524721249596465,0.015063228365980619,0.021097046413502074,0.20409676143004618,-0.1159420289855071,0.05497037524687287
2017-12-31,0.1166666666666667,0.035521122642888425,,0.10294117647058831,0.24518388791593693,-0.032258064516129115,-0.1063829787234043,0.02172493864295566,0.05010660980810244,0.056097560975609806,0.05524721249596465,0.015063228365980619,0.021097046413502074,0.20409676143004618,-0.1159420289855071,0.05497037524687287
2018-01-31,0.09159663865546208,0.01764539808018073,,0.0,0.029668411867364686,-0.009546539379474916,-0.14893617021276595,0.02151318868063945,-0.028426395939086246,0.01074443591711427,0.05207048295925332,0.013945727704688382,0.11020408163265305,0.23912728676931994,-0.11822660098522153,0.08684464458025087
2018-02-28,0.00472069236821393,0.01764539808018073,,0.0,0.0528109028960817,0.05769230769230771,-0.10869565217391308,0.02263468931091861,0.03530633437175501,0.07050243111831445,0.05137042808690073,0.01512533596621135,0.21610169491525433,0.14815707975833892,-0.11822660098522153,0.08684464458025087
2018-03-31,0.00472069236821393,0.01764539808018073,,0.0,0.0528109028960817,0.05769230769230771,-0.10869565217391308,0.02263468931091861,0.03530633437175501,0.07050243111831445,0.05137042808690073,0.01512533596621135,0.21610169491525433,0.14815707975833892,-0.11822660098522153,0.08684464458025087
2018-04-30,0.11343804537521818,0.01764539808018073,,0.0,0.0735785953177257,0.1364764267990073,-0.09090909090909094,0.024709963021052994,0.01855670103092777,0.10151878497202249,0.05175406652100034,0.01541324321181059,0.28820960698689957,0.11066605150574627,-0.10880829015544036,0.05972532737144687
2018-05-31,0.1728608470181503,0.01764539808018073,,0.0,0.04251968503937009,0.15443037974683538,-0.13636363636363646,0.02781921607842497,0.009268795056642798,0.10761589403973515,0.05015325947915916,0.016162416575015826,0.2805429864253395,0.12168090223069905,-0.10880829015544036,0.05972532737144687
2018-06-30,0.1728608470181503,0.01764539808018073,,0.0,0.04251968503937009,0.15443037974683538,-0.13636363636363646,0.02781921607842497,0.009268795056642798,0.10761589403973515,0.05015325947915916,0.016162416575015826,0.2805429864253395,0.12168090223069905,-0.10880829015544036,0.05972532737144687
2018-07-31,0.0016583747927032544,0.01764539808018073,,-0.06849315068493156,0.09790209790209792,0.15816326530612246,-0.11627906976744184,0.02854124785561929,0.04817987152034253,0.06210191082802541,0.05530454400902429,0.01533671272449788,0.28695652173913055,0.14005991175160903,-0.10810810810810823,-0.00817096165933373
2018-08-31,0.1113028472821398,0.01764539808018073,,-0.06849315068493156,0.06654676258992809,0.18324607329842935,-0.13636363636363646,0.026429238568742575,-0.00619834710743794,-0.03487490523123582,0.05559439932591115,0.016112234270660997,0.3490566037735847,0.17392025569963376,-0.10810810810810823,-0.00817096165933373
2018-09-30,0.1113028472821398,0.01764539808018073,,-0.06849315068493156,0.06654676258992809,0.18324607329842935,-0.13636363636363646,0.026429238568742575,-0.00619834710743794,-0.03487490523123582,0.05559439932591115,0.016112234270660997,0.3490566037735847,0.17392025569963376,-0.10810810810810823,-0.00817096165933373
2018-10-31,-0.02863961813842486,0.01764539808018073,,-0.053333333333333344,-0.11501597444089462,0.23350253807106602,-0.09523809523809534,0.02492032470218053,-0.020854021847070636,-0.06194690265486724,0.04837337869445024,0.016167615837331617,0.32352941176470584,0.052996590635508545,-0.12568306010928965,0.03244929797191887
2018-11-30,-0.07227022780832681,0.01764539808018073,,-0.053333333333333344,-0.1209563994374121,0.23333333333333317,-0.09523809523809534,0.02147328577667773,-0.010152284263959421,0.03156274056966901,0.04695984703632883,0.015246819338422313,0.24380165289256195,0.04252562717651598,-0.12568306010928965,0.03244929797191887
2018-12-31,-0.06966864910790149,0.013039256484949302,,-0.0434782608695653,-0.1333333333333333,0.14035087719298245,-0.04878048780487798,0.020023809043401064,0.02502606882168923,0.004576659038901587,0.05593790669590004,0.01547576277275775,0.12083333333333335,-0.06237259734965095,-0.15083798882681565,-0.04468777744894936
2019-01-31,-0.0561970746728252,0.013039256484949302,,-0.0434782608695653,0.008474576271186418,0.07469879518072275,0.0,0.014875893578291333,-0.047021943573667735,-0.04252088078967353,0.0532152586966288,0.016218925013713248,-0.03308823529411775,-0.042393078854455535,-0.15083798882681565,-0.04468777744894936
2019-02-28,-0.1221613155833986,0.013039256484949302,,-0.0434782608695653,0.04854368932038833,-0.011363636363636576,-0.07317073170731703,0.015188615351321877,-0.05917753259779346,-0.025738077214231603,0.05506245604245508,0.013596390506166678,-0.04878048780487809,0.02603700305472345,-0.15083798882681565,-0.04468777744894936
2019-03-31,-0.1221613155833986,0.013039256484949302,,-0.0434782608695653,0.04854368932038833,-0.011363636363636576,-0.07317073170731703,0.015188615351321877,-0.05917753259779346,-0.025738077214231603,0.05506245604245508,0.013596390506166678,-0.04878048780487809,0.02603700305472345,-0.15083798882681565,-0.04468777744894936
2019-04-30,-0.0031347962382445305,0.013039256484949302,,0.0,0.09345794392523366,-0.08296943231441045,-0.07499999999999996,0.020005834702090608,-0.0161943319838056,-0.04862119013062405,0.053864398368025146,0.014660504224327298,-0.14915254237288145,0.11245255943052435,-0.11046511627906974,-0.05666063893911999
2019-05-31,-0.04716285924834196,0.013039256484949302,,0.0,-0.06646525679758308,-0.12499999999999989,-0.05263157894736836,0.017959105553606136,0.020408163265306145,0.006726457399103047,0.05013674702948667,0.012671842963261737,-0.2438162544169611,0.017295870652467293,-0.11046511627906974,-0.05666063893911999
2019-06-30,-0.04716285924834196,0.013039256484949302,,0.0,-0.06646525679758308,-0.12499999999999989,-0.05263157894736836,0.017959105553606136,0.020408163265306145,0.006726457399103047,0.05013674702948667,0.012671842963261737,-0.2438162544169611,0.017295870652467293,-0.11046511627906974,-0.05666063893911999
2019-07-31,0.026490066225165476,0.013039256484949302,,0.0,0.031847133757961776,-0.17400881057268724,-0.02631578947368407,0.01826331335037068,0.005107252298263587,0.013493253373313419,0.0421319566057905,0.012823523885574728,-0.31756756756756754,0.05826459633063363,-0.09090909090909083,0.02186311787072248
2019-08-31,0.026490066225165476,0.013039256484949302,,0.0,0.031847133757961776,-0.17400881057268724,-0.02631578947368407,0.01826331335037068,0.005107252298263587,0.013493253373313419,0.0421319566057905,0.012823523885574728,-0.31756756756756754,0.05826459633063363,-0.09090909090909083,0.02186311787072248
2019-09-30,0.048799999999999955,0.013039256484949302,,-0.04225352112676051,0.19663865546218484,-0.22881355932203384,-0.05405405405405406,0.016844977040391562,-0.06893106893106882,0.121765601217656,0.044134851781727935,0.01337029077202212,-0.4491803278688524,0.02153755344923436,-0.08125000000000004,-0.03777576307041397
2019-10-31,0.08517608517608521,0.013039256484949302,,-0.04225352112676051,0.3032490974729243,-0.22222222222222232,-0.05263157894736836,0.017339736996186295,-0.03144016227180524,0.19889937106918243,0.04505402877778919,0.012927604079585375,-0.4634920634920635,0.12015163695634534,-0.08125000000000004,-0.03777576307041397
2019-11-30,0.08517608517608521,0.013039256484949302,,-0.04225352112676051,0.3032490974729243,-0.22222222222222232,-0.05263157894736836,0.017339736996186295,-0.03144016227180524,0.19889937106918243,0.04505402877778919,0.012927604079585375,-0.4634920634920635,0.12015163695634534,-0.08125000000000004,-0.03777576307041397
2019-12-31,0.41369863013698627,0.0714774750102698,,-0.030303030303030165,0.28205128205128216,-0.17802197802197794,-0.07692307692307687,0.023195274699624457,0.010172939979654183,0.10174639331814728,0.03172259110390607,0.013270673680275458,-0.28624535315985133,0.2887807407702896,-0.06578947368421062,0.01332094175960341
2020-01-31,0.2871125611745513,0.0714774750102698,,-0.030303030303030165,0.1596638655462186,-0.2130044843049328,-0.09999999999999998,0.025122643638566533,0.0942982456140351,0.19508326724821567,0.042517129262929165,0.013214537990963837,-0.42585551330798477,0.19282570910839092,-0.06578947368421062,0.01332094175960341
2020-02-29,0.2871125611745513,0.0714774750102698,,-0.030303030303030165,0.1596638655462186,-0.2130044843049328,-0.09999999999999998,0.025122643638566533,0.0942982456140351,0.19508326724821567,0.042517129262929165,0.013214537990963837,-0.42585551330798477,0.19282570910839092,-0.06578947368421062,0.01332094175960341
2020-03-31,0.05121746431570107,0.0714774750102698,,-0.05714285714285716,-0.13509749303621166,-0.13793103448275856,0.1578947368421053,0.015231420852062971,-0.0945121951219513,0.0406130268199234,0.01908445102718126,0.004018789838583059,-0.7095435684647303,-0.08813505503810326,-0.019607843137254943,0.051118210862619806
2020-04-30,-0.26808176100628933,0.0714774750102698,,-0.05714285714285716,-0.17521367521367526,-0.23095238095238102,3.0,0.0034987638745771488,-0.2613168724279836,-0.18688024408848203,0.1362822457439179,-0.1340022044859962,-0.7450199203187251,-0.011338060920012438,-0.019607843137254943,0.051118210862619806
2020-05-31,-0.26808176100628933,0.0714774750102698,,-0.05714285714285716,-0.17521367521367526,-0.23095238095238102,3.0,0.0034987638745771488,-0.2613168724279836,-0.18688024408848203,0.1362822457439179,-0.1340022044859962,-0.7450199203187251,-0.011338060920012438,-0.019607843137254943,0.051118210862619806
2020-06-30,0.008849557522123908,0.0714774750102698,,-0.16176470588235292,0.2290809327846366,-0.16085790884718498,2.0555555555555554,0.007017667595302868,-0.20468431771894102,0.017490494296577896,0.08794953715081522,-0.08743470075044413,-0.6699999999999999,0.05388950832154893,0.03333333333333344,-0.016744186046511622
2020-07-31,0.22822580645161294,0.0714774750102698,,-0.16176470588235292,0.5169753086419753,-0.20266666666666666,1.7567567567567566,0.010187566946310067,-0.2632113821138212,0.14349112426035493,0.10163896860644028,-0.07747757297891789,-0.7277227722772277,0.09755131895932734,0.03333333333333344,-0.016744186046511622
2020-08-31,0.018909090909090986,0.0714774750102698,,-0.16176470588235292,0.4353932584269662,-0.1871508379888268,1.3333333333333335,0.013005983533565635,-0.17483296213808464,0.026863666890530657,0.06353807073536122,-0.06867784724289638,-0.52,0.1960901567081046,0.03333333333333344,-0.016744186046511622
2020-09-30,0.11594202898550732,0.0714774750102698,,-0.05882352941176461,0.375,-0.20329670329670335,1.2285714285714286,0.01373084272511016,-0.13733905579399142,0.10176390773405708,0.06877083964837838,-0.06301616036152702,-0.5892857142857143,0.12975940122415808,0.08163265306122458,0.02983668341708534
2020-10-31,0.11594202898550732,0.0714774750102698,,-0.05882352941176461,0.375,-0.20329670329670335,1.2285714285714286,0.01373084272511016,-0.13733905579399142,0.10176390773405708,0.06877083964837838,-0.06301616036152702,-0.5892857142857143,0.12975940122415808,0.08163265306122458,0.02983668341708534
2020-11-30,0.14781966001478186,0.0714774750102698,,-0.05882352941176461,0.2300140252454419,-0.26086956521739124,0.8611111111111112,0.01169540753609244,-0.2055785123966941,0.1224623444662738,0.052585249078134444,-0.058714543800192476,-0.5280898876404494,0.15302548886016476,0.08163265306122458,0.02983668341708534
2020-12-31,0.056201550387597,-0.020319488817891362,,0.015625,0.2542857142857142,-0.286096256684492,0.8611111111111112,0.013049530216912242,-0.18731117824773413,0.20192970365265328,0.06410960083513606,-0.06109676399283226,-0.515625,0.1625892199406953,0.11267605633802824,0.03515744420666467
2021-01-31,0.056201550387597,-0.020319488817891362,,0.015625,0.2542857142857142,-0.286096256684492,0.8611111111111112,0.013049530216912242,-0.18731117824773413,0.20192970365265328,0.06410960083513606,-0.06109676399283226,-0.515625,0.1625892199406953,0.11267605633802824,0.03515744420666467
2021-02-28,0.056201550387597,-0.020319488817891362,,0.015625,0.2542857142857142,-0.286096256684492,0.8611111111111112,0.013049530216912242,-0.18731117824773413,0.20192970365265328,0.06410960083513606,-0.06109676399283226,-0.515625,0.1625892199406953,0.11267605633802824,0.03515744420666467
2021-03-31,0.33226837060702885,-0.020319488817891362,,0.030303030303030276,0.38647342995169076,-0.0942857142857143,0.38636363636363624,0.026186325779585795,-0.047138047138047035,0.27540500736377016,0.3172887486946503,-0.043897202083526654,1.4857142857142858,0.5371451564851677,-0.020000000000000018,0.07902735562310026
2021-04-30,0.602577873254565,-0.020319488817891362,,0.030303030303030276,0.4455958549222798,-0.07739938080495357,-0.5878378378378379,0.04148739292379555,0.22980501392757668,0.6303939962476548,0.026663903734295724,0.10866348210794263,1.578125,0.4356293541819032,-0.020000000000000018,0.07902735562310026
2021-05-31,0.5261158594491928,-0.020319488817891362,,0.030303030303030276,0.023977433004231274,-0.06349206349206338,-0.5606060606060606,0.049263625277508494,0.14661134163208867,0.33412698412698405,0.051440846799347906,0.09022850270595306,1.430769230769231,0.3809730283709609,-0.020000000000000018,0.07902735562310026
2021-06-30,0.30622009569377995,-0.020319488817891362,,0.08771929824561409,-0.2310267857142857,-0.03514376996805113,-0.4636363636363636,0.05315092372103147,0.0947503201024329,0.23841554559043354,0.05087119557851283,0.05932948312811015,1.1969696969696968,0.3861606494876286,-0.11612903225806448,0.1598864711447492
2021-07-31,0.30622009569377995,-0.020319488817891362,,0.08771929824561409,-0.2310267857142857,-0.03514376996805113,-0.4636363636363636,0.05315092372103147,0.0947503201024329,0.23841554559043354,0.05087119557851283,0.05932948312811015,1.1969696969696968,0.3861606494876286,-0.11612903225806448,0.1598864711447492
2021-08-31,0.13847251962883655,-0.020319488817891362,,0.08771929824561409,-0.3238747553816047,-0.013745704467354014,-0.3928571428571429,0.05175312107215291,-0.05128205128205121,0.157619359058208,0.08232538200079609,0.0458323269922003,0.8055555555555556,0.2920798443566428,-0.11612903225806448,0.1598864711447492
2021-09-30,0.06835269993164728,-0.020319488817891362,,-0.09375000000000011,-0.2533197139938713,0.037931034482758585,-0.39743589743589736,0.05361010344257178,-0.09452736318407973,0.0006157635467980427,0.06615885621097095,0.041503314060076235,1.2028985507246377,0.2808623253047873,-0.18867924528301894,0.20524550167734068
2021-10-31,0.06835269993164728,-0.020319488817891362,,-0.09375000000000011,-0.2533197139938713,0.037931034482758585,-0.39743589743589736,0.05361010344257178,-0.09452736318407973,0.0006157635467980427,0.06615885621097095,0.041503314060076235,1.2028985507246377,0.2808623253047873,-0.18867924528301894,0.20524550167734068
2021-11-30,0.09723116548615574,-0.020319488817891362,,-0.09375000000000011,-0.10262257696693278,0.13970588235294112,-0.38805970149253743,0.06862530903236941,-0.12353706111833551,0.03033838973162184,0.08604108024313617,0.04508234041509929,0.7023809523809523,0.2610343961144568,-0.18867924528301894,0.20524550167734068
2021-12-31,0.07461773700305807,-0.004304722149752194,,-0.13846153846153852,-0.05011389521640086,0.16479400749063666,-0.417910447761194,0.07176580599606885,-0.12515489467162344,0.09690366972477071,0.07978174683441885,0.05083568391361082,0.6344086021505375,0.268927362908572,-0.20253164556962033,0.2226816302421737
2022-01-31,0.044539353264185566,-0.004304722149752194,,-0.13846153846153852,-0.109375,0.3003663003663004,-0.375,0.0756976664457294,-0.14936708860759496,0.0169941582580988,-0.021419150862326597,0.04966553779842697,0.6126126126126126,0.21573996295339026,-0.20253164556962033,0.2226816302421737
2022-02-28,0.23809523809523814,-0.004304722149752194,,-0.13846153846153852,0.009043927648578753,0.3097643097643097,-0.3870967741935485,0.07948919315737357,-0.18229166666666663,0.08454810495626819,0.05787498765675925,0.05181849236281999,0.2708333333333335,0.14766933865106324,-0.20253164556962033,0.2226816302421737
2022-03-31,0.005995203836930418,-0.004304722149752194,,-0.1470588235294118,-0.17189314750290363,0.473186119873817,-0.4098360655737704,0.08547431203050082,-0.3003533568904594,0.08487297921478065,-0.12100867120522396,0.049184191191760096,0.33333333333333326,0.14033109398951393,-0.15646258503401356,0.1647887323943662
2022-04-30,0.005995203836930418,-0.004304722149752194,,-0.1470588235294118,-0.17189314750290363,0.473186119873817,-0.4098360655737704,0.08547431203050082,-0.3003533568904594,0.08487297921478065,-0.12100867120522396,0.049184191191760096,0.33333333333333326,0.14033109398951393,-0.15646258503401356,0.1647887323943662
2022-05-31,-0.04169259489732424,-0.004304722149752194,,-0.1470588235294118,-0.1074380165289256,0.7288135593220337,-0.3793103448275862,0.08532996587844366,-0.29553679131483723,0.01844140392623439,0.0362397546376263,0.04746145997076745,0.8037974683544304,-0.017116583533732466,-0.15646258503401356,0.1647887323943662
2022-06-30,-0.05860805860805862,-0.004304722149752194,,-0.09677419354838723,-0.21190130624092884,0.8874172185430464,-0.38983050847457634,0.08989743741317646,-0.41520467836257313,0.053108026554013366,0.038520514180077736,0.04475319224808327,1.0551724137931036,-0.11916695753344964,-0.10218978102189791,0.19004893964110936
2022-07-31,-0.05860805860805862,-0.004304722149752194,,-0.09677419354838723,-0.21190130624092884,0.8874172185430464,-0.38983050847457634,0.08989743741317646,-0.41520467836257313,0.053108026554013366,0.038520514180077736,0.04475319224808327,1.0551724137931036,-0.11916695753344964,-0.10218978102189791,0.19004893964110936
2022-08-31,-0.047021943573667735,-0.004304722149752194,,-0.09677419354838723,-0.06801736613603471,0.9337979094076654,-0.2941176470588235,0.08218806476800755,-0.17211948790896148,-0.12881355932203387,0.03852447034747475,0.04112724654612632,1.423076923076923,-0.12551849788178693,-0.10218978102189791,0.19004893964110936
2022-09-30,-0.05950095969289826,-0.004304722149752194,,0.034482758620689724,-0.23939808481532143,1.2259136212624586,-0.25531914893617025,0.0819827154994579,-0.19505494505494503,-0.007384615384615434,0.05084270730409668,0.03947029910768696,1.5197368421052633,-0.16759449709114715,-0.07751937984496127,0.10829959514170051
2022-10-31,-0.09262759924385633,-0.004304722149752194,,0.034482758620689724,-0.1551976573938506,1.2547770700636942,-0.19999999999999996,0.07751940788759693,-0.16457461645746174,-0.0924956369982548,0.04909109775769527,0.03588304188037639,1.6451612903225805,-0.15924853106584036,-0.07751937984496127,0.10829959514170051
2022-11-30,-0.16666666666666663,-0.004304722149752194,,0.034482758620689724,-0.24269377382465063,1.1225806451612903,-0.12195121951219501,0.07119465995215202,-0.15875370919881304,-0.20611551528878824,0.04554482408898619,0.03323123119097571,1.5734265734265738,-0.1066104663893146,-0.07751937984496127,0.10829959514170051
2022-12-31,-0.16666666666666663,-0.004304722149752194,,0.034482758620689724,-0.24269377382465063,1.1225806451612903,-0.12195121951219501,0.07119465995215202,-0.15875370919881304,-0.20611551528878824,0.04554482408898619,0.03323123119097571,1.5734265734265738,-0.1066104663893146,-0.07751937984496127,0.10829959514170051
2023-01-31,-0.20502336448598135,-0.022926765360932744,,0.03571428571428581,-0.1992481203007519,0.7267605633802818,-0.15000000000000002,0.06362123304649603,-0.034226190476190466,-0.24647519582245436,0.057784059958299716,0.031723705787459755,0.9664804469273742,-0.09720853495144566,-0.05555555555555558,0.06908212560386473
2023-02-28,-0.19402985074626866,-0.022926765360932744,,0.03571428571428581,-0.19974391805377723,0.6709511568123392,-0.05263157894736836,0.059655226949232976,0.0652866242038217,-0.12903225806451613,0.057042312682603624,0.027731382062090804,1.1420765027322402,-0.09231722428748446,-0.05555555555555558,0.06908212560386473
2023-03-31,-0.20023837902264596,-0.022926765360932744,,0.10344827586206895,-0.09677419354838712,0.3533190578158458,-0.02777777777777779,0.04935090226845151,0.043771043771043905,-0.2054284193720064,0.05799028381488114,0.025341877518662903,0.5,-0.09294964473414091,-0.024193548387096753,0.037484885126964906
2023-04-30,-0.20023837902264596,-0.022926765360932744,,0.10344827586206895,-0.09677419354838712,0.3533190578158458,-0.02777777777777779,0.04935090226845151,0.043771043771043905,-0.2054284193720064,0.05799028381488114,0.025341877518662903,0.5,-0.09294964473414091,-0.024193548387096753,0.037484885126964906
2023-05-31,0.027922077922077904,-0.022926765360932744,,0.10344827586206895,0.1435185185185186,0.28823529411764715,0.0277777777777779,0.04120689595996696,0.010273972602739656,-0.10514018691588789,0.05630947818498333,0.02540018956347745,0.2771929824561403,0.011538787314110177,-0.024193548387096753,0.037484885126964906
2023-06-30,-0.08236057068741898,-0.022926765360932744,,0.125,0.22651933701657456,0.17719298245614024,0.0,0.030532617391422212,0.28400000000000003,-0.14441260744985673,0.054308278942260424,0.024148659647648785,0.2785234899328859,0.17567588987103022,0.024390243902439046,-0.04386566141192594
2023-07-31,0.0581896551724137,-0.022926765360932744,,0.125,0.34874759152215806,0.28490566037735854,0.0,0.03271780511700917,0.38834951456310685,-0.12681791739383363,0.049104310718605326,0.020733412616474434,0.48689138576779034,0.11105031365836293,0.024390243902439046,-0.04386566141192594
2023-08-31,-0.14144736842105265,-0.022926765360932744,,0.125,0.012422360248447228,0.2936936936936936,0.05555555555555558,0.03718721312697104,0.1924398625429553,0.023346303501945442,0.0485917827127309,0.0204852525753354,0.29841269841269846,0.13973704171934265,0.024390243902439046,-0.04386566141192594
2023-09-30,-0.14144736842105265,-0.022926765360932744,,0.125,0.012422360248447228,0.2936936936936936,0.05555555555555558,0.03718721312697104,0.1924398625429553,0.023346303501945442,0.0485917827127309,0.0204852525753354,0.29841269841269846,0.13973704171934265,0.024390243902439046,-0.04386566141192594
2023-10-31,-0.05208333333333337,-0.022926765360932744,,0.09999999999999987,0.1663778162911611,0.10028248587570632,0.05555555555555558,0.032457874929078256,0.06510851419031716,-0.01666666666666672,0.042585715441817884,0.019071196969401516,0.19024390243902456,0.08311509873501421,0.11764705882352944,-0.005936073059360725
2023-11-30,0.06338028169014076,-0.022926765360932744,,0.09999999999999987,0.025167785234899265,0.09726443768996962,0.0277777777777779,0.031394819319064515,0.08112874779541435,0.07560627674750364,0.04373150347813204,0.018546268366254726,0.1875,0.1195286401592115,0.11764705882352944,-0.005936073059360725
2023-12-31,0.06338028169014076,-0.022926765360932744,,0.09999999999999987,0.025167785234899265,0.09726443768996962,0.0277777777777779,0.031394819319064515,0.08112874779541435,0.07560627674750364,0.04373150347813204,0.018546268366254726,0.1875,0.1195286401592115,0.11764705882352944,-0.005936073059360725
2024-01-31,0.01102130786186617,-0.022926765360932744,,0.13793103448275867,0.039123630672926346,0.09135399673735733,0.08823529411764719,0.031059809026621865,0.217257318952234,0.04504504504504503,0.04593501529391397,0.018007016727723757,0.1335227272727273,0.18864985527154965,0.1512605042016808,-0.04383190239493895
2024-02-29,0.10113960113960108,-0.022926765360932744,,0.13793103448275867,0.028799999999999937,0.06769230769230772,0.08333333333333326,0.031657429794798686,0.14947683109118093,-0.03518518518518521,0.043177442998180826,0.017644782664774983,0.08418367346938771,0.28364671360024185,0.1512605042016808,-0.04383190239493895
2024-03-31,0.10113960113960108,-0.022926765360932744,,0.13793103448275867,0.028799999999999937,0.06769230769230772,0.08333333333333326,0.031657429794798686,0.14947683109118093,-0.03518518518518521,0.043177442998180826,0.017644782664774983,0.08418367346938771,0.28364671360024185,0.1512605042016808,-0.04383190239493895
2024-04-30,-0.011695906432748537,-0.022926765360932744,,0.031249999999999778,0.01601164483260553,0.11508553654743392,0.1470588235294117,0.03357731196705305,0.21193092621664045,-0.020408163265306145,0.04400138559420497,0.017558076715288973,0.363372093023256,0.20775012711417262,0.18181818181818188,-0.019114219114219066
2024-05-31,-0.19330385344283008,-0.022926765360932744,-0.028368794326241176,0.031249999999999778,-0.16464237516869096,0.07001522070015209,0.08108108108108092,0.0325021014289717,0.17118644067796596,-0.08681462140992169,0.04577166187283077,0.016978310128572982,0.23901098901098883,0.2626135512688317,0.18181818181818188,-0.019114219114219066
2024-06-30,-0.19330385344283008,-0.022926765360932744,-0.028368794326241176,0.031249999999999778,-0.16464237516869096,0.07001522070015209,0.08108108108108092,0.0325021014289717,0.17118644067796596,-0.08681462140992169,0.04577166187283077,0.016978310128572982,0.23901098901098883,0.2626135512688317,0.18181818181818188,-0.019114219114219066
2024-07-31,-0.19330385344283008,-0.022926765360932744,-0.028368794326241176,0.031249999999999778,-0.16464237516869096,0.07001522070015209,0.08108108108108092,0.0325021014289717,0.17118644067796596,-0.08681462140992169,0.04577166187283077,0.016978310128572982,0.23901098901098883,0.2626135512688317,0.18181818181818188,-0.019114219114219066
